Formula,avg % of optimum found,exact optimums found,blunders
wuf50-0548.mwcnf,40.5734249171009,0,0
wuf50-0604.mwcnf,65.17729437027354,0,0
wuf50-0434.mwcnf,46.48067480800705,5,0
wuf50-0300.mwcnf,56.98897444872244,1,0
wuf50-0196.mwcnf,39.983826298881134,1,0
wuf50-0252.mwcnf,42.12971268049874,1,0
wuf50-0884.mwcnf,54.0154968094804,21,0
wuf50-0772.mwcnf,19.413461538461537,15,0
wuf50-0406.mwcnf,35.77669468789125,0,0
wuf50-0437.mwcnf,22.822949161116263,2,0
wuf50-0162.mwcnf,37.71953010279001,8,0
wuf50-0278.mwcnf,34.91143533123028,2,0
wuf50-0389.mwcnf,39.734347048300535,5,0
wuf50-096.mwcnf,53.75596389426177,2,0
wuf50-0989.mwcnf,51.07786458333333,0,0
wuf50-0284.mwcnf,81.71755490708033,7,0
wuf50-0509.mwcnf,53.59854184441169,3,0
wuf50-0328.mwcnf,50.84807916181607,1,0
wuf50-0625.mwcnf,69.86420922960296,6,0
wuf50-0608.mwcnf,41.161847672778556,1,0
wuf50-0293.mwcnf,50.36125273124545,1,0
wuf50-0760.mwcnf,45.22781812440796,1,0
wuf50-0120.mwcnf,26.74928503336511,0,0
wuf50-0495.mwcnf,76.90810810810811,76,0
wuf50-0129.mwcnf,58.341911764705884,22,0
wuf50-0144.mwcnf,58.91186876809264,13,0
wuf50-0444.mwcnf,52.573230730415034,0,0
wuf50-0372.mwcnf,58.626204238921,0,0
wuf50-0185.mwcnf,55.68331950207469,0,0
wuf50-0344.mwcnf,55.49803149606299,53,0
wuf50-0343.mwcnf,53.61728957763597,0,0
wuf50-041.mwcnf,45.77416356877324,8,0
wuf50-068.mwcnf,38.37823671244365,4,0
wuf50-0568.mwcnf,69.93169398907104,38,0
wuf50-0987.mwcnf,61.16764705882353,29,0
wuf50-0814.mwcnf,24.041527870308684,6,0
wuf50-0759.mwcnf,49.32430143945808,2,0
wuf50-029.mwcnf,71.97663469921535,9,0
wuf50-0979.mwcnf,74.36959064327485,0,0
wuf50-0889.mwcnf,53.65537106065741,1,0
wuf50-0233.mwcnf,58.52594454920037,0,0
wuf50-0171.mwcnf,57.342524027099415,3,0
wuf50-0949.mwcnf,69.0020642878207,2,0
wuf50-0887.mwcnf,50.86392347951633,1,0
wuf50-0654.mwcnf,56.912850812407676,0,0
wuf50-039.mwcnf,48.20427092320966,0,0
wuf50-0811.mwcnf,42.09881450010279,0,0
wuf50-0531.mwcnf,47.8345891639756,5,0
wuf50-0482.mwcnf,61.49711859265999,0,0
wuf50-0825.mwcnf,70.88688212927757,24,0
wuf50-0313.mwcnf,78.93129118867463,5,0
wuf50-0631.mwcnf,52.20106589147287,15,0
wuf50-0737.mwcnf,65.91536879224215,0,0
wuf50-0739.mwcnf,48.61246200607903,4,0
wuf50-040.mwcnf,50.26790602189781,0,0
wuf50-0229.mwcnf,56.079531812725094,1,0
wuf50-0195.mwcnf,62.16921243635576,1,0
wuf50-0527.mwcnf,51.89188591642716,1,0
wuf50-0545.mwcnf,59.834837545126355,4,0
wuf50-0890.mwcnf,60.903390026611135,10,0
wuf50-0256.mwcnf,61.39353949182588,2,0
wuf50-0929.mwcnf,48.68814159292035,5,0
wuf50-0671.mwcnf,60.3332608222754,0,0
wuf50-0602.mwcnf,59.00129886998311,3,0
wuf50-0428.mwcnf,68.58949129194136,1,0
wuf50-0268.mwcnf,52.37689655172414,4,0
wuf50-0751.mwcnf,30.1907305804216,0,0
wuf50-0688.mwcnf,51.24662977153399,5,0
wuf50-0582.mwcnf,52.07218212104386,2,0
wuf50-0927.mwcnf,64.26905829596413,14,0
wuf50-0660.mwcnf,47.82816901408451,3,0
wuf50-0310.mwcnf,55.45325827362675,0,0
wuf50-0557.mwcnf,70.73175542406311,20,0
wuf50-0883.mwcnf,52.34649262442959,0,0
wuf50-0970.mwcnf,37.638055842812825,3,0
wuf50-0150.mwcnf,39.431715405486884,1,0
wuf50-0823.mwcnf,58.88519243313763,12,0
wuf50-0965.mwcnf,42.3172461116194,4,0
wuf50-0199.mwcnf,45.2162185305703,3,0
wuf50-0879.mwcnf,55.994475138121544,27,0
wuf50-0498.mwcnf,56.199707744763764,0,0
wuf50-0232.mwcnf,22.5030549898167,0,0
wuf50-061.mwcnf,39.12218370883882,14,0
wuf50-042.mwcnf,35.42173112338858,2,0
wuf50-0177.mwcnf,71.83773102406138,15,0
wuf50-0830.mwcnf,59.700706026808554,0,0
wuf50-0785.mwcnf,55.78784067085954,12,0
wuf50-0841.mwcnf,61.34871511467256,1,0
wuf50-0721.mwcnf,64.57006714316657,2,0
wuf50-0401.mwcnf,52.114968347968144,0,0
wuf50-0286.mwcnf,60.023650385604114,22,0
wuf50-0674.mwcnf,62.47571357035553,17,0
wuf50-0285.mwcnf,44.98583859409657,0,0
wuf50-0945.mwcnf,45.80511811023623,11,0
wuf50-0860.mwcnf,55.32963923602924,2,0
wuf50-0176.mwcnf,57.61256544502618,56,0
wuf50-079.mwcnf,51.89917320627803,0,0
wuf50-0338.mwcnf,37.76981414227729,5,0
wuf50-0931.mwcnf,35.63326800587947,2,0
wuf50-093.mwcnf,59.51648351648351,9,0
wuf50-0269.mwcnf,65.16729112026977,1,0
wuf50-0506.mwcnf,65.0881097761145,0,0
wuf50-0251.mwcnf,53.85640411174875,0,0
wuf50-0528.mwcnf,41.089175546831186,11,0
wuf50-0546.mwcnf,58.96828447861605,2,0
wuf50-0271.mwcnf,50.692054343351174,1,0
wuf50-016.mwcnf,57.297141247711586,2,0
wuf50-092.mwcnf,58.15138662316476,0,0
wuf50-087.mwcnf,60.38432835820895,12,0
wuf50-0873.mwcnf,62.95348837209303,61,0
wuf50-0672.mwcnf,57.79893828798938,20,0
wuf50-0484.mwcnf,40.775735294117645,9,0
wuf50-0868.mwcnf,48.75690814040328,6,0
wuf50-0730.mwcnf,43.07612705840007,0,0
wuf50-0646.mwcnf,46.38560055382485,0,0
wuf50-0272.mwcnf,49.73194144468442,7,0
wuf50-090.mwcnf,41.56139719121354,10,0
wuf50-0432.mwcnf,55.27623101702715,1,0
wuf50-0244.mwcnf,44.45588389946367,1,0
wuf50-0275.mwcnf,53.52540076766764,0,0
wuf50-0155.mwcnf,35.33467471495641,10,0
wuf50-0382.mwcnf,43.02654867256637,7,0
wuf50-0464.mwcnf,52.67621899059025,3,0
wuf50-02.mwcnf,46.08781484002723,14,0
wuf50-0971.mwcnf,48.478785900783286,0,0
wuf50-0901.mwcnf,58.664608384790384,4,0
wuf50-0984.mwcnf,51.1320813771518,5,0
wuf50-0485.mwcnf,45.82608695652174,44,0
wuf50-0854.mwcnf,50.89564241630821,4,0
wuf50-0279.mwcnf,53.63138818412468,16,0
wuf50-088.mwcnf,58.100386100386096,6,0
wuf50-0789.mwcnf,56.38846153846154,54,0
wuf50-0533.mwcnf,63.02766085387853,1,0
wuf50-0645.mwcnf,81.59551569506726,7,0
wuf50-0148.mwcnf,12.170666666666666,0,0
wuf50-0373.mwcnf,76.96504992867332,4,0
wuf50-0633.mwcnf,50.916563658838065,11,0
wuf50-0587.mwcnf,43.23646209386282,41,0
wuf50-0624.mwcnf,62.14770607982096,14,0
wuf50-0588.mwcnf,63.46934087294575,5,0
wuf50-0946.mwcnf,62.8096947935368,10,0
wuf50-0133.mwcnf,60.991452991452995,37,0
wuf50-0458.mwcnf,41.22736161251504,0,0
wuf50-0501.mwcnf,69.53808353808354,20,0
wuf50-0152.mwcnf,40.71506085936355,0,0
wuf50-012.mwcnf,47.98416142330223,1,0
wuf50-0239.mwcnf,41.5966391615973,2,0
wuf50-0598.mwcnf,57.60936813428245,0,0
wuf50-0164.mwcnf,52.540175557056045,5,0
wuf50-0245.mwcnf,46.7605857445307,1,0
wuf50-0456.mwcnf,61.57604101088227,8,0
wuf50-0420.mwcnf,42.89031078610603,17,0
wuf50-0923.mwcnf,61.43111831442464,2,0
wuf50-0179.mwcnf,41.50450828265883,3,0
wuf50-0336.mwcnf,50.667343976777936,2,0
wuf50-049.mwcnf,54.810252758988966,1,0
wuf50-0781.mwcnf,48.44344286129689,0,0
wuf50-0801.mwcnf,43.840842311459355,2,0
wuf50-0118.mwcnf,51.65846033606877,15,0
wuf50-075.mwcnf,56.68485915492957,9,0
wuf50-0562.mwcnf,54.43928354584093,4,0
wuf50-0782.mwcnf,57.465300193673336,0,0
wuf50-0427.mwcnf,59.732551143200965,1,0
wuf50-0467.mwcnf,51.36785714285715,49,0
wuf50-0709.mwcnf,45.81851799175082,0,0
wuf50-0725.mwcnf,36.07653656348138,0,0
wuf50-0217.mwcnf,84.88010307880104,33,0
wuf50-0803.mwcnf,42.9144156191495,0,0
wuf50-0451.mwcnf,45.072625698324025,7,0
wuf50-0475.mwcnf,52.195563139931735,0,0
wuf50-0627.mwcnf,55.88245813688831,0,0
wuf50-0326.mwcnf,44.52914160743576,10,0
wuf50-0804.mwcnf,73.2448888225638,1,0
wuf50-0122.mwcnf,66.30143229166667,0,0
wuf50-0773.mwcnf,52.20203836930455,1,0
wuf50-0596.mwcnf,50.180493273542595,0,0
wuf50-0951.mwcnf,43.88212795549374,0,0
wuf50-0921.mwcnf,68.27055788455337,1,0
wuf50-0263.mwcnf,68.38476907707677,23,0
wuf50-0584.mwcnf,45.73186415700985,0,0
wuf50-057.mwcnf,59.26975609756098,11,0
wuf50-0102.mwcnf,60.09371980676328,7,0
wuf50-0812.mwcnf,49.950598802395206,9,0
wuf50-0140.mwcnf,44.76935536119209,0,0
wuf50-089.mwcnf,90.21625630376742,51,0
wuf50-0909.mwcnf,60.30619773733399,4,0
wuf50-0980.mwcnf,63.55000000000001,19,0
wuf50-085.mwcnf,44.73701298701299,1,0
wuf50-0209.mwcnf,63.81591448931116,3,0
wuf50-0525.mwcnf,45.981388219837974,0,0
wuf50-0982.mwcnf,75.32258064516128,28,0
wuf50-0386.mwcnf,40.041658986175115,2,0
wuf50-0593.mwcnf,49.678094867049765,1,0
wuf50-0824.mwcnf,58.9899136844147,0,0
wuf50-0266.mwcnf,52.16453229398664,2,0
wuf50-0378.mwcnf,53.8489,0,0
wuf50-0436.mwcnf,69.6977816824072,33,0
wuf50-0676.mwcnf,70.04165627338489,2,0
wuf50-0669.mwcnf,74.29200631080725,6,0
wuf50-071.mwcnf,41.395773955773954,0,0
wuf50-086.mwcnf,77.22317047151697,46,0
wuf50-0962.mwcnf,50.76370967741936,0,0
wuf50-0678.mwcnf,55.78861347792409,0,0
wuf50-080.mwcnf,47.93869010253191,3,0
wuf50-0753.mwcnf,58.79268376068376,1,0
wuf50-0183.mwcnf,55.33639599370913,0,0
wuf50-0316.mwcnf,57.408310860505026,0,0
wuf50-0520.mwcnf,32.97174617878647,0,0
wuf50-0291.mwcnf,51.15922283134472,0,0
wuf50-0347.mwcnf,40.98613963039014,0,0
wuf50-0425.mwcnf,43.52608105487687,3,0
wuf50-0309.mwcnf,30.541176470588233,1,0
wuf50-0648.mwcnf,47.11810380057213,1,0
wuf50-0916.mwcnf,48.11276618063569,0,0
wuf50-027.mwcnf,56.2964892412231,0,0
wuf50-0513.mwcnf,100.0,100,0
wuf50-0421.mwcnf,65.51930683744585,1,0
wuf50-0414.mwcnf,69.77330604820374,8,0
wuf50-0800.mwcnf,57.48313514322041,0,0
wuf50-0905.mwcnf,66.58796296296296,41,0
wuf50-0961.mwcnf,47.92087542087542,3,0
wuf50-0424.mwcnf,48.73011511325659,0,0
wuf50-0686.mwcnf,62.07274455329726,3,0
wuf50-083.mwcnf,51.15657677490369,0,0
wuf50-0184.mwcnf,43.10531892350075,1,0
wuf50-0579.mwcnf,76.28616305160809,7,0
wuf50-0992.mwcnf,55.571993084712275,0,0
wuf50-0544.mwcnf,67.04386590584879,0,0
wuf50-03.mwcnf,59.97266729500471,0,0
wuf50-0200.mwcnf,59.85065455516965,13,0
wuf50-0312.mwcnf,51.63045685279187,2,0
wuf50-0358.mwcnf,46.00684462696783,8,0
wuf50-0172.mwcnf,38.666666666666664,1,0
wuf50-0505.mwcnf,50.76546391752578,0,0
wuf50-0918.mwcnf,52.503613666228645,0,0
wuf50-0491.mwcnf,60.22016359515128,16,0
wuf50-0845.mwcnf,68.50920084121977,0,0
wuf50-051.mwcnf,54.59810490045942,0,0
wuf50-0840.mwcnf,42.23101092896175,0,0
wuf50-0712.mwcnf,45.35700374531835,2,0
wuf50-0400.mwcnf,44.416566213190976,14,0
wuf50-0683.mwcnf,70.22475247524753,42,0
wuf50-0503.mwcnf,63.57786429365962,17,0
wuf50-0912.mwcnf,66.93268186753528,5,0
wuf50-0769.mwcnf,65.47227926078028,0,0
wuf50-0359.mwcnf,59.10526315789474,24,0
wuf50-018.mwcnf,58.804449985614276,0,0
wuf50-0240.mwcnf,42.22068733153639,2,0
wuf50-0178.mwcnf,41.168421526277896,0,0
wuf50-0920.mwcnf,72.74074074074073,68,0
wuf50-0375.mwcnf,52.31884486497142,2,0
wuf50-0470.mwcnf,54.00982658959538,25,0
wuf50-0964.mwcnf,65.03143712574851,11,0
wuf50-0474.mwcnf,31.340881340881342,8,0
wuf50-010.mwcnf,53.26987792807654,0,0
wuf50-0738.mwcnf,68.32559968541094,11,0
wuf50-0589.mwcnf,49.62505733569229,1,0
wuf50-028.mwcnf,49.14713140037014,1,0
wuf50-0496.mwcnf,65.37865390616872,4,0
wuf50-0441.mwcnf,100.0,100,0
wuf50-0611.mwcnf,60.88095023845946,1,0
wuf50-0597.mwcnf,56.23394370046461,0,0
wuf50-0632.mwcnf,70.82191780821918,70,0
wuf50-0571.mwcnf,65.21813501619198,0,0
wuf50-021.mwcnf,46.38644825018615,3,0
wuf50-0908.mwcnf,41.402590931738914,3,0
wuf50-0768.mwcnf,43.750531753266486,5,0
wuf50-0473.mwcnf,56.18200983836964,5,0
wuf50-0911.mwcnf,61.19639043143956,10,0
wuf50-0744.mwcnf,68.77095868431608,3,0
wuf50-0112.mwcnf,54.242881072026805,8,0
wuf50-0413.mwcnf,52.22007005975686,0,0
wuf50-0220.mwcnf,69.41710057550013,5,0
wuf50-0786.mwcnf,45.07612687813022,1,0
wuf50-0743.mwcnf,43.25158016558355,0,0
wuf50-0784.mwcnf,57.02755543891878,9,0
wuf50-026.mwcnf,46.1183046888036,1,0
wuf50-0726.mwcnf,59.77008144661138,19,0
wuf50-034.mwcnf,56.126500461680514,0,0
wuf50-0851.mwcnf,46.64946553630667,19,0
wuf50-0254.mwcnf,58.94100691775557,0,0
wuf50-0764.mwcnf,57.179150922427205,1,0
wuf50-0255.mwcnf,54.35604427195631,25,0
wuf50-0577.mwcnf,55.503941605839415,0,0
wuf50-0787.mwcnf,59.77919458252287,0,0
wuf50-0132.mwcnf,26.34015927189989,4,0
wuf50-0411.mwcnf,77.51759572072072,0,0
wuf50-0635.mwcnf,44.0876878223817,0,0
wuf50-0919.mwcnf,65.9000091818933,9,0
wuf50-0418.mwcnf,74.66423357664233,74,0
wuf50-0193.mwcnf,30.023679685580937,4,0
wuf50-0225.mwcnf,78.1164303586322,16,0
wuf50-0610.mwcnf,74.19299087854057,10,0
wuf50-0680.mwcnf,55.27186647408121,0,0
wuf50-0767.mwcnf,100.0,100,0
wuf50-0994.mwcnf,56.817320703653586,2,0
wuf50-0796.mwcnf,74.64037635033104,9,0
wuf50-0747.mwcnf,61.716399506781755,0,0
wuf50-024.mwcnf,45.92336751214248,7,0
wuf50-0975.mwcnf,53.525151515151514,1,0
wuf50-0701.mwcnf,48.2349750178444,0,0
wuf50-0490.mwcnf,60.50026766595289,1,0
wuf50-0305.mwcnf,53.540226305408495,0,0
wuf50-0637.mwcnf,47.61069020064941,0,0
wuf50-0724.mwcnf,63.53165403477485,0,0
wuf50-0826.mwcnf,51.6829044117647,21,0
wuf50-0629.mwcnf,33.827671402100066,4,0
wuf50-0590.mwcnf,47.612807148175726,1,0
wuf50-0454.mwcnf,56.9349087893864,6,0
wuf50-0561.mwcnf,57.34466896665024,0,0
wuf50-0702.mwcnf,70.70139860139861,8,0
wuf50-0212.mwcnf,33.45893099803715,2,0
wuf50-0303.mwcnf,51.461019108280254,3,0
wuf50-0173.mwcnf,45.83089311859443,4,0
wuf50-0250.mwcnf,69.99790079769687,0,0
wuf50-0460.mwcnf,60.736459378134406,4,0
wuf50-0290.mwcnf,67.20279232111693,1,0
wuf50-0595.mwcnf,55.678814892501315,0,0
wuf50-0517.mwcnf,67.1856611430504,1,0
wuf50-0649.mwcnf,57.41645381013197,0,0
wuf50-078.mwcnf,61.349904397705544,58,0
wuf50-0448.mwcnf,29.323529411764703,1,0
wuf50-0895.mwcnf,58.39115250291035,3,0
wuf50-0119.mwcnf,62.715859030837,6,0
wuf50-0175.mwcnf,70.69842775820005,1,0
wuf50-0783.mwcnf,42.172962226640166,17,0
wuf50-0442.mwcnf,21.736,4,0
wuf50-0247.mwcnf,55.64840482733899,0,0
wuf50-0182.mwcnf,56.35716212570812,3,0
wuf50-0967.mwcnf,58.09592843923504,0,0
wuf50-0282.mwcnf,52.88948694457169,2,0
wuf50-0137.mwcnf,50.66478873239436,0,0
wuf50-0163.mwcnf,61.26315789473684,11,0
wuf50-032.mwcnf,29.798033483922403,4,0
wuf50-097.mwcnf,48.81832460732984,0,0
wuf50-0555.mwcnf,59.992910195813636,0,0
wuf50-014.mwcnf,55.87449442333619,0,0
wuf50-0560.mwcnf,55.70254023657165,0,0
wuf50-0224.mwcnf,41.487153618509545,0,0
wuf50-0362.mwcnf,52.11743210696786,0,0
wuf50-0939.mwcnf,52.2841918294849,0,0
wuf50-0715.mwcnf,51.76826568265683,0,0
wuf50-0566.mwcnf,60.31893382352941,31,0
wuf50-033.mwcnf,45.7552930167271,1,0
wuf50-0661.mwcnf,55.67788710512687,0,0
wuf50-0265.mwcnf,68.09134037573534,1,0
wuf50-0835.mwcnf,66.11355702094647,1,0
wuf50-0988.mwcnf,58.96994455792238,4,0
wuf50-0341.mwcnf,46.227675528289026,8,0
wuf50-0876.mwcnf,54.76756858323938,0,0
wuf50-0752.mwcnf,53.30902177670239,1,0
wuf50-0361.mwcnf,52.92917516758963,0,0
wuf50-0874.mwcnf,70.48582722715003,5,0
wuf50-0997.mwcnf,58.19709543568465,0,0
wuf50-0412.mwcnf,50.56353767560664,1,0
wuf50-0308.mwcnf,41.09677419354839,6,0
wuf50-0388.mwcnf,45.48738461538462,0,0
wuf50-0808.mwcnf,48.62134640769376,0,0
wuf50-0935.mwcnf,55.563937184520476,2,0
wuf50-0353.mwcnf,53.33778894472361,0,0
wuf50-0242.mwcnf,67.60624142251925,0,0
wuf50-0829.mwcnf,77.53731172980375,2,0
wuf50-0452.mwcnf,79.93011161846778,18,0
wuf50-0477.mwcnf,68.63435096714052,0,0
wuf50-0415.mwcnf,53.02114427860696,0,0
wuf50-0720.mwcnf,63.12165660051769,16,0
wuf50-0727.mwcnf,55.46438172043011,19,0
wuf50-0139.mwcnf,52.9011030810194,11,0
wuf50-0223.mwcnf,65.78486997635933,8,0
wuf50-0834.mwcnf,48.30460317460317,0,0
wuf50-0634.mwcnf,50.14271047227926,6,0
wuf50-0188.mwcnf,70.62903225806451,0,0
wuf50-0534.mwcnf,71.90592189310097,13,0
wuf50-0956.mwcnf,64.10898775753957,2,0
wuf50-0487.mwcnf,56.9400821815465,0,0
wuf50-0395.mwcnf,70.72595955427155,8,0
wuf50-0573.mwcnf,50.073217495506285,0,0
wuf50-0345.mwcnf,49.65475152571928,6,0
wuf50-046.mwcnf,62.2138202031819,0,0
wuf50-0472.mwcnf,50.81634672471799,0,0
wuf50-0894.mwcnf,68.7678198061205,0,0
wuf50-077.mwcnf,32.23682890115404,4,0
wuf50-0848.mwcnf,55.74311857796445,0,0
wuf50-0207.mwcnf,47.60964369239235,0,0
wuf50-0815.mwcnf,46.36081341027755,2,0
wuf50-0219.mwcnf,57.55517839631892,3,0
wuf50-0831.mwcnf,50.564486198097896,0,0
wuf50-0274.mwcnf,59.85276073619632,17,0
wuf50-0405.mwcnf,40.04869332142059,0,0
wuf50-065.mwcnf,37.733818597017056,0,0
wuf50-0626.mwcnf,55.87769516728625,2,0
wuf50-0314.mwcnf,55.562175563647635,1,0
wuf50-0938.mwcnf,59.72022382094325,2,0
wuf50-0213.mwcnf,59.85427929295997,2,0
wuf50-0993.mwcnf,69.00196463654224,23,0
wuf50-091.mwcnf,49.62178148921364,2,0
wuf50-0391.mwcnf,58.42687559354226,10,0
wuf50-0736.mwcnf,52.76246062627385,0,0
wuf50-044.mwcnf,56.88330120904153,5,0
wuf50-0663.mwcnf,41.86914936914937,1,0
wuf50-0576.mwcnf,64.71068027991281,4,0
wuf50-0547.mwcnf,45.85156651258346,2,0
wuf50-0210.mwcnf,48.01114888511149,14,0
wuf50-0853.mwcnf,54.24931255728689,30,0
wuf50-070.mwcnf,59.84640128669079,4,0
wuf50-0682.mwcnf,52.76752136752137,0,0
wuf50-0844.mwcnf,100.0,100,0
wuf50-0586.mwcnf,61.89322191272052,13,0
wuf50-0276.mwcnf,73.25398550724637,3,0
wuf50-0750.mwcnf,66.69027492819039,12,0
wuf50-0260.mwcnf,58.10047925962651,0,0
wuf50-0966.mwcnf,46.41339869281046,0,0
wuf50-0337.mwcnf,54.001116694584034,17,0
wuf50-0216.mwcnf,40.380882912596725,0,0
wuf50-0349.mwcnf,49.262962962962966,11,0
wuf50-0746.mwcnf,53.9006237006237,0,0
wuf50-0714.mwcnf,66.93889776357828,1,0
wuf50-0383.mwcnf,50.13940973681998,9,0
wuf50-0431.mwcnf,47.66626959247649,0,0
wuf50-076.mwcnf,56.601238685088134,0,0
wuf50-0186.mwcnf,80.39131693198264,13,0
wuf50-0422.mwcnf,58.66444197256211,1,0
wuf50-0742.mwcnf,50.21810372255806,0,0
wuf50-0662.mwcnf,37.557272421901246,1,0
wuf50-05.mwcnf,56.25302695536898,0,0
wuf50-043.mwcnf,63.01897223269255,9,0
wuf50-0681.mwcnf,65.0442539067902,31,0
wuf50-0447.mwcnf,100.0,100,0
wuf50-037.mwcnf,42.62421749239849,9,0
wuf50-0778.mwcnf,41.163656039290764,1,0
wuf50-0479.mwcnf,67.43583344279521,9,0
wuf50-0837.mwcnf,37.429142565498466,5,0
wuf50-050.mwcnf,64.36412395709178,3,0
wuf50-0613.mwcnf,64.0884009009009,1,0
wuf50-0169.mwcnf,54.554122326131356,0,0
wuf50-0820.mwcnf,53.24626074667295,14,0
wuf50-0578.mwcnf,64.67603384959284,10,0
wuf50-0532.mwcnf,50.43376570319681,2,0
wuf50-0536.mwcnf,60.4882474729022,2,0
wuf50-0849.mwcnf,68.77588466579292,12,0
wuf50-0365.mwcnf,47.04702529390809,0,0
wuf50-07.mwcnf,50.75423197492163,1,0
wuf50-0218.mwcnf,46.97321782832959,4,0
wuf50-0705.mwcnf,57.66319321794419,0,0
wuf50-0953.mwcnf,56.36508781266632,0,0
wuf50-0449.mwcnf,74.85865724381625,3,0
wuf50-0667.mwcnf,22.90926640926641,19,0
wuf50-059.mwcnf,77.79261954261955,8,0
wuf50-0734.mwcnf,51.809760956175296,17,0
wuf50-0190.mwcnf,50.45306743946166,0,0
wuf50-066.mwcnf,50.01388032078964,5,0
wuf50-0689.mwcnf,48.897846770155226,3,0
wuf50-0333.mwcnf,41.61248966087676,5,0
wuf50-0136.mwcnf,48.52260013425823,0,0
wuf50-082.mwcnf,60.8291179260196,0,0
wuf50-0384.mwcnf,52.195891634415005,5,0
wuf50-0541.mwcnf,40.83211009174312,16,0
wuf50-017.mwcnf,63.39525909592062,1,0
wuf50-0399.mwcnf,40.5864406779661,0,0
wuf50-0301.mwcnf,65.76008230452675,19,0
wuf50-0863.mwcnf,51.95013850415513,27,0
wuf50-0369.mwcnf,69.63136456211814,45,0
wuf50-0957.mwcnf,58.923994038748134,18,0
wuf50-0523.mwcnf,38.83409373703857,2,0
wuf50-0104.mwcnf,40.689948088721096,0,0
wuf50-0858.mwcnf,62.061972800826304,0,0
wuf50-0468.mwcnf,49.53188073394495,0,0
wuf50-0402.mwcnf,50.00920810313076,6,0
wuf50-0551.mwcnf,67.1679290196927,2,0
wuf50-0114.mwcnf,66.56194852941177,1,0
wuf50-0755.mwcnf,67.6692710908911,0,0
wuf50-0713.mwcnf,42.3455451112718,1,0
wuf50-0529.mwcnf,71.27500285746943,0,0
wuf50-0258.mwcnf,65.05046895935686,41,0
wuf50-0238.mwcnf,46.06564602180469,0,0
wuf50-0445.mwcnf,59.69210156947812,0,0
wuf50-0886.mwcnf,43.681871720740986,0,0
wuf50-0819.mwcnf,68.5308796007486,8,0
wuf50-0131.mwcnf,48.91050487594124,2,0
wuf50-0205.mwcnf,55.33668115724779,0,0
wuf50-0766.mwcnf,38.847750521402325,1,0
wuf50-0569.mwcnf,75.19482120838471,35,0
wuf50-058.mwcnf,52.9951059111417,0,0
wuf50-0855.mwcnf,49.10849909584087,47,0
wuf50-0932.mwcnf,65.31187859759288,2,0
wuf50-0360.mwcnf,56.23248308172827,0,0
wuf50-0990.mwcnf,54.59796806966619,0,0
wuf50-020.mwcnf,41.79351827504602,0,0
wuf50-0539.mwcnf,74.91462835431014,1,0
wuf50-0117.mwcnf,54.78414974113899,0,0
wuf50-0942.mwcnf,71.85888077858881,38,0
wuf50-0241.mwcnf,88.21515451842508,87,0
wuf50-0722.mwcnf,64.84741000877963,0,0
wuf50-0371.mwcnf,50.40193452380952,2,0
wuf50-0748.mwcnf,46.19668416030534,0,0
wuf50-0843.mwcnf,55.86617842876165,0,0
wuf50-0494.mwcnf,50.06344616431366,2,0
wuf50-0429.mwcnf,65.56586185819071,20,0
wuf50-025.mwcnf,75.26804123711341,34,0
wuf50-0666.mwcnf,45.51530282015719,4,0
wuf50-0797.mwcnf,65.09578842093566,0,0
wuf50-0852.mwcnf,57.326027397260276,29,0
wuf50-0231.mwcnf,35.13545450142864,3,0
wuf50-0489.mwcnf,56.09714993804213,1,0
wuf50-0677.mwcnf,52.9547560643227,2,0
wuf50-0827.mwcnf,58.88848920863309,57,1
wuf50-0423.mwcnf,71.6777799377916,0,0
wuf50-0324.mwcnf,62.064358974358974,16,0
wuf50-0511.mwcnf,47.72744158764298,1,0
wuf50-0813.mwcnf,47.35286558725264,1,0
wuf50-0327.mwcnf,58.84837247630821,9,0
wuf50-0913.mwcnf,86.39743253864292,46,0
wuf50-0457.mwcnf,52.569412502613424,1,0
wuf50-0581.mwcnf,55.83773638359658,0,0
wuf50-0115.mwcnf,81.61602610587381,0,0
wuf50-0174.mwcnf,72.28065712001163,1,0
wuf50-0972.mwcnf,29.790482076637822,0,0
wuf50-0396.mwcnf,61.5850432246641,0,0
wuf50-0777.mwcnf,65.56949505465903,2,0
wuf50-0168.mwcnf,49.76602086438152,0,0
wuf50-0878.mwcnf,63.57761732851986,62,0
wuf50-0476.mwcnf,35.77840143691064,1,0
wuf50-0679.mwcnf,43.08595988538682,6,0
wuf50-0198.mwcnf,42.62895366350669,0,0
wuf50-0941.mwcnf,64.48710601719198,16,0
wuf50-0408.mwcnf,44.58936755270394,33,0
wuf50-0934.mwcnf,52.04642409033877,4,0
wuf50-0259.mwcnf,51.54102079395085,0,0
wuf50-0350.mwcnf,76.87433400698144,45,0
wuf50-0708.mwcnf,54.02498738011105,2,0
wuf50-0521.mwcnf,61.924552160168595,0,0
wuf50-0191.mwcnf,60.35810055865922,31,0
wuf50-0959.mwcnf,59.82697674418605,0,0
wuf50-0670.mwcnf,50.41000829416644,0,0
wuf50-0230.mwcnf,80.12484700122398,2,0
wuf50-0211.mwcnf,52.02804262478968,5,0
wuf50-0553.mwcnf,56.958463949843264,2,0
wuf50-0248.mwcnf,35.9155672823219,34,0
wuf50-0640.mwcnf,52.23022264329701,0,0
wuf50-0788.mwcnf,33.86281407035176,2,0
wuf50-0116.mwcnf,49.69102390617952,3,0
wuf50-0765.mwcnf,55.465244031269805,1,0
wuf50-0758.mwcnf,71.26038193391938,0,0
wuf50-0295.mwcnf,53.75551020408163,2,0
wuf50-0612.mwcnf,44.99306851506265,0,0
wuf50-0791.mwcnf,54.64275037369208,5,0
wuf50-0170.mwcnf,63.65547473697883,3,0
wuf50-0798.mwcnf,46.57284904264936,0,0
wuf50-0397.mwcnf,66.44886251236399,1,0
wuf50-0707.mwcnf,48.45118702953098,4,0
wuf50-0332.mwcnf,56.056774605879845,2,0
wuf50-0101.mwcnf,62.65338966002817,4,0
wuf50-0500.mwcnf,79.83622047244094,66,0
wuf50-0779.mwcnf,51.99616914689848,3,0
wuf50-0515.mwcnf,51.37511563367253,2,0
wuf50-0930.mwcnf,53.954509389050514,0,0
wuf50-0731.mwcnf,54.75476429287863,5,0
wuf50-0881.mwcnf,58.80015582391897,2,0
wuf50-0641.mwcnf,40.97522597924339,0,0
wuf50-0693.mwcnf,58.961083885846065,16,0
wuf50-0628.mwcnf,58.358643792508374,0,0
wuf50-0806.mwcnf,37.74958263772955,0,0
wuf50-0161.mwcnf,48.16771576444258,0,0
wuf50-0807.mwcnf,22.219608272239853,2,0
wuf50-0594.mwcnf,49.89348917062863,0,0
wuf50-0621.mwcnf,54.25286103542235,14,0
wuf50-0732.mwcnf,41.311099108830675,0,0
wuf50-056.mwcnf,55.413959686823254,0,0
wuf50-045.mwcnf,41.78207497360085,8,0
wuf50-0438.mwcnf,83.99935492194555,1,0
wuf50-0842.mwcnf,54.52408547627672,2,0
wuf50-0499.mwcnf,66.34173282706247,4,0
wuf50-0694.mwcnf,51.68727418707346,0,0
wuf50-0192.mwcnf,67.42734618656081,0,0
wuf50-0552.mwcnf,39.964285714285715,12,0
wuf50-0704.mwcnf,60.71883027069749,1,0
wuf50-0126.mwcnf,58.09319899244332,2,0
wuf50-0357.mwcnf,51.36391613771879,0,0
wuf50-0446.mwcnf,60.55931736856593,0,0
wuf50-0321.mwcnf,57.36608344549125,2,0
wuf50-0125.mwcnf,54.239939255884586,3,0
wuf50-0522.mwcnf,63.33823529411765,6,0
wuf50-048.mwcnf,61.82390269698571,7,0
wuf50-0948.mwcnf,53.12433155080215,0,0
wuf50-0340.mwcnf,37.92473836562013,8,0
wuf50-0749.mwcnf,50.310875137312344,3,0
wuf50-04.mwcnf,75.50201612903226,18,0
wuf50-055.mwcnf,45.032070740398574,5,0
wuf50-0497.mwcnf,56.18961447678993,22,0
wuf50-0465.mwcnf,85.56756756756756,85,0
wuf50-0695.mwcnf,45.155142560313976,2,0
wuf50-0374.mwcnf,61.079835082458764,1,0
wuf50-0228.mwcnf,39.06260518343992,3,0
wuf50-084.mwcnf,60.90344062153164,0,0
wuf50-0277.mwcnf,45.8210065199674,3,0
wuf50-0943.mwcnf,45.10315186246418,13,0
wuf50-0675.mwcnf,53.14059405940594,31,0
wuf50-0763.mwcnf,38.28647497337593,3,0
wuf50-0716.mwcnf,58.11034265954103,0,0
wuf50-0564.mwcnf,48.50809489868649,3,0
wuf50-0617.mwcnf,52.13208649912332,2,0
wuf50-0650.mwcnf,45.432172219818256,0,0
wuf50-0570.mwcnf,41.312274368231044,39,0
wuf50-0138.mwcnf,51.96840179610843,1,0
wuf50-0237.mwcnf,49.40583232077765,2,0
wuf50-0157.mwcnf,43.84408136766933,0,0
wuf50-0367.mwcnf,45.79593908629442,18,0
wuf50-0368.mwcnf,60.08000574547544,3,0
wuf50-0376.mwcnf,47.72720247295209,18,0
wuf50-0194.mwcnf,50.6754270696452,49,0
wuf50-0810.mwcnf,63.07186358099878,16,0
wuf50-0651.mwcnf,45.70470135519491,1,0
wuf50-0936.mwcnf,55.381175944556226,0,0
wuf50-0664.mwcnf,69.79266492562734,2,0
wuf50-0618.mwcnf,60.37859393461993,2,0
wuf50-0974.mwcnf,52.563506261180684,2,0
wuf50-047.mwcnf,64.78046357615895,2,0
wuf50-0318.mwcnf,64.32729375481881,20,0
wuf50-0607.mwcnf,57.19716614187812,0,0
wuf50-0377.mwcnf,57.8132478105341,0,0
wuf50-0156.mwcnf,70.48192648406476,1,0
wuf50-0865.mwcnf,49.00831024930748,22,0
wuf50-0656.mwcnf,56.274716295960054,3,0
wuf50-0799.mwcnf,58.746505125815474,20,0
wuf50-0699.mwcnf,75.25100401606426,38,0
wuf50-0524.mwcnf,58.70865038045655,1,0
wuf50-0288.mwcnf,47.78171313740267,0,0
wuf50-0998.mwcnf,56.941906653426024,13,0
wuf50-0643.mwcnf,41.768315358869465,5,0
wuf50-0776.mwcnf,50.21154734411085,4,0
wuf50-0733.mwcnf,63.24174408978015,0,0
wuf50-0976.mwcnf,45.55555555555556,1,0
wuf50-063.mwcnf,47.98248749106505,5,0
wuf50-0354.mwcnf,51.21961508041129,2,0
wuf50-0642.mwcnf,64.2077205882353,24,0
wuf50-0756.mwcnf,40.74937091092099,1,0
wuf50-0914.mwcnf,62.683326774235866,0,0
wuf50-060.mwcnf,47.33394327538884,16,0
wuf50-0623.mwcnf,46.148998178506375,0,0
wuf50-0558.mwcnf,27.79322638146168,24,0
wuf50-0839.mwcnf,38.145161290322584,35,0
wuf50-0181.mwcnf,48.74113009198423,47,0
wuf50-0483.mwcnf,47.909965821190866,7,0
wuf50-0893.mwcnf,47.35325159087382,11,0
wuf50-0151.mwcnf,56.63799283154121,30,0
wuf50-0356.mwcnf,62.481092436974784,2,0
wuf50-0870.mwcnf,60.0829373650108,0,0
wuf50-0591.mwcnf,44.3293018983466,0,0
wuf50-0283.mwcnf,44.45219780219781,0,0
wuf50-0585.mwcnf,31.108930323846906,0,0
wuf50-0862.mwcnf,59.085314685314685,23,0
wuf50-0735.mwcnf,49.6744939271255,1,0
wuf50-0706.mwcnf,57.55571030640669,4,0
wuf50-0165.mwcnf,49.84128900445765,1,0
wuf50-0107.mwcnf,51.28798842257598,2,0
wuf50-0902.mwcnf,38.22160664819945,12,0
wuf50-0100.mwcnf,100.0,100,0
wuf50-036.mwcnf,54.823238566131025,2,0
wuf50-0430.mwcnf,62.33996383363472,61,0
wuf50-0691.mwcnf,30.9258114374034,7,0
wuf50-0519.mwcnf,47.683292839788486,0,0
wuf50-0838.mwcnf,46.24925991711071,0,0
wuf50-0370.mwcnf,55.28548168249661,4,0
wuf50-0977.mwcnf,67.95295055821371,2,0
wuf50-094.mwcnf,50.08041958041959,1,0
wuf50-0142.mwcnf,33.81576288312563,1,0
wuf50-0655.mwcnf,51.78110795454545,4,0
wuf50-0795.mwcnf,54.13350785340313,9,0
wuf50-0924.mwcnf,50.3,1,0
wuf50-0390.mwcnf,70.82480515079634,3,0
wuf50-0614.mwcnf,80.25697899974698,6,0
wuf50-0471.mwcnf,40.449725776965266,12,0
wuf50-0616.mwcnf,45.7069635542485,3,0
wuf50-0398.mwcnf,35.52542779465856,8,0
wuf50-0403.mwcnf,68.86817675454883,10,0
wuf50-0888.mwcnf,46.54281914893617,0,0
wuf50-0809.mwcnf,49.694736842105264,16,0
wuf50-0866.mwcnf,48.69489365872782,0,0
wuf50-0729.mwcnf,52.35371036286367,0,0
wuf50-0366.mwcnf,48.58787255909559,5,0
wuf50-0947.mwcnf,66.74960380348654,7,0
wuf50-0339.mwcnf,63.09817254568636,7,0
wuf50-0187.mwcnf,35.47864603993125,2,0
wuf50-0565.mwcnf,31.84869137471368,9,0
wuf50-035.mwcnf,30.13879773790407,1,0
wuf50-0944.mwcnf,53.001972386587774,5,0
wuf50-0991.mwcnf,57.15265866209263,1,0
wuf50-0985.mwcnf,58.04752275025278,2,0
wuf50-0113.mwcnf,65.35758082497213,4,0
wuf50-0262.mwcnf,37.08126349892009,0,0
wuf50-0201.mwcnf,64.50169981302056,2,0
wuf50-0711.mwcnf,42.20815195884448,0,0
wuf50-0572.mwcnf,73.20383912248629,45,0
wuf50-0512.mwcnf,54.624804119095586,1,0
wuf50-0105.mwcnf,50.76469540434628,10,0
wuf50-081.mwcnf,51.88924957036471,0,0
wuf50-0322.mwcnf,56.8080012123049,2,0
wuf50-064.mwcnf,56.71219942087372,0,0
wuf50-0296.mwcnf,26.585204755614267,0,0
wuf50-0215.mwcnf,66.58609939482854,0,0
wuf50-0159.mwcnf,64.51502351924738,15,0
wuf50-0822.mwcnf,45.518614923489515,0,0
wuf50-0652.mwcnf,45.467982456140355,2,0
wuf50-0615.mwcnf,46.16324535679374,5,0
wuf50-0109.mwcnf,51.12765957446809,0,0
wuf50-0898.mwcnf,61.15414119621239,3,0
wuf50-0351.mwcnf,71.53338278931751,7,0
wuf50-0537.mwcnf,50.74997884761824,1,0
wuf50-0130.mwcnf,68.17126269956458,24,0
wuf50-0189.mwcnf,65.51136787178531,1,0
wuf50-0657.mwcnf,67.05712295367468,1,0
wuf50-0719.mwcnf,61.11683717372598,0,0
wuf50-0478.mwcnf,68.15523465703971,67,1
wuf50-0145.mwcnf,59.32155907429964,10,0
wuf50-0630.mwcnf,44.3933147632312,10,0
wuf50-0574.mwcnf,57.878567431449355,11,0
wuf50-062.mwcnf,52.72435233160621,1,0
wuf50-0802.mwcnf,55.74596533173939,1,0
wuf50-0307.mwcnf,45.676239743132356,1,0
wuf50-0227.mwcnf,40.380425190533494,2,0
wuf50-0235.mwcnf,56.67694704049845,4,0
wuf50-0392.mwcnf,51.14487895716946,3,0
wuf50-0606.mwcnf,49.00673325103804,1,0
wuf50-0818.mwcnf,49.27435697583788,6,0
wuf50-0110.mwcnf,71.84187035069075,7,0
wuf50-0540.mwcnf,61.51809124278972,2,0
wuf50-0208.mwcnf,42.241115196078425,2,0
wuf50-0836.mwcnf,57.91307550644567,1,0
wuf50-0417.mwcnf,35.99367281134027,0,0
wuf50-0355.mwcnf,43.42429577464789,4,0
wuf50-0257.mwcnf,39.08330176169729,1,0
wuf50-0203.mwcnf,67.90893371757925,49,0
wuf50-0899.mwcnf,46.74008990600735,8,0
wuf50-0158.mwcnf,60.6066504460665,10,0
wuf50-0404.mwcnf,45.64513266483273,0,0
wuf50-0180.mwcnf,71.05528735632184,2,0
wuf50-0202.mwcnf,41.118721461187214,2,0
wuf50-0518.mwcnf,47.62432509235578,0,0
wuf50-0850.mwcnf,59.81424148606812,21,0
wuf50-0160.mwcnf,63.58211341073532,1,0
wuf50-022.mwcnf,58.02031930333818,1,0
wuf50-0380.mwcnf,40.10326086956522,13,0
wuf50-0348.mwcnf,46.066266598569975,0,0
wuf50-0385.mwcnf,56.32244951481773,0,0
wuf50-0653.mwcnf,45.82272210492123,0,0
wuf50-0379.mwcnf,66.57725973561986,20,0
wuf50-0697.mwcnf,64.34603524229075,0,0
wuf50-0135.mwcnf,49.822274881516584,0,0
wuf50-0463.mwcnf,35.66669851887243,2,0
wuf50-0236.mwcnf,44.684383561643834,0,0
wuf50-0950.mwcnf,40.56104651162791,18,0
wuf50-0554.mwcnf,47.78373382624769,4,0
wuf50-0969.mwcnf,69.06870638754697,0,0
wuf50-0504.mwcnf,71.71370558375635,0,0
wuf50-0871.mwcnf,50.883708883708884,0,0
wuf50-0740.mwcnf,47.00861688024745,38,0
wuf50-0559.mwcnf,57.32321682918812,0,0
wuf50-01.mwcnf,43.38591885441528,3,0
wuf50-0880.mwcnf,63.10699152542373,3,0
wuf50-067.mwcnf,46.27272727272727,15,0
wuf50-0246.mwcnf,44.07160423760878,6,0
wuf50-0381.mwcnf,50.08952187182096,19,0
wuf50-0983.mwcnf,64.92427385892115,0,0
wuf50-0774.mwcnf,79.09479271991911,17,0
wuf50-0461.mwcnf,47.344254278728606,0,0
wuf50-0700.mwcnf,58.382124943000456,3,0
wuf50-0955.mwcnf,45.954234388366125,0,0
wuf50-0453.mwcnf,61.947121034077554,4,0
wuf50-0896.mwcnf,47.22659765976598,12,0
wuf50-0922.mwcnf,53.59193791765467,0,0
wuf50-0426.mwcnf,55.39976587649985,1,0
wuf50-0952.mwcnf,55.33682719546742,2,0
wuf50-0762.mwcnf,51.297701511335006,4,0
wuf50-0486.mwcnf,73.31260880378017,12,0
wuf50-0790.mwcnf,37.420053611533724,4,0
wuf50-0123.mwcnf,50.15527950310558,6,0
wuf50-0166.mwcnf,71.4287380452531,6,0
wuf50-0926.mwcnf,40.166378671932854,0,0
wuf50-0872.mwcnf,56.199208443271765,2,0
wuf50-054.mwcnf,46.83245291685807,4,0
wuf50-0121.mwcnf,44.55021216407356,32,0
wuf50-0973.mwcnf,35.75279438523525,15,0
wuf50-0387.mwcnf,56.784969591659426,3,0
wuf50-0978.mwcnf,30.26961394769614,3,0
wuf50-0605.mwcnf,51.16568047337279,6,0
wuf50-031.mwcnf,40.53707598061626,1,0
wuf50-0937.mwcnf,60.98639281129654,0,0
wuf50-0149.mwcnf,49.798457952304105,0,0
wuf50-0273.mwcnf,62.6435001323802,6,0
wuf50-0502.mwcnf,67.0,28,0
wuf50-0330.mwcnf,64.40931875142401,0,0
wuf50-0805.mwcnf,51.21070549036651,0,0
wuf50-0575.mwcnf,58.96360319666435,2,0
wuf50-0127.mwcnf,54.08725542041248,3,0
wuf50-0297.mwcnf,56.2345467032967,4,0
wuf50-0891.mwcnf,59.12673859352658,0,0
wuf50-0459.mwcnf,49.14721659315771,0,0
wuf50-0450.mwcnf,52.985122637716124,5,0
wuf50-0563.mwcnf,23.042780748663105,19,0
wuf50-0999.mwcnf,69.68406700428515,6,0
wuf50-0530.mwcnf,36.35789175403797,2,0
wuf50-0281.mwcnf,61.01103362131779,0,0
wuf50-015.mwcnf,49.140252976190474,0,0
wuf50-0550.mwcnf,54.24081469648562,0,0
wuf50-0466.mwcnf,54.587213692423866,5,0
wuf50-095.mwcnf,50.37014925373134,4,0
wuf50-0331.mwcnf,57.767188563648745,27,0
wuf50-0793.mwcnf,66.178955453149,2,0
wuf50-0864.mwcnf,62.96257961783439,35,0
wuf50-0542.mwcnf,63.1008,19,0
wuf50-073.mwcnf,59.94681252357601,3,0
wuf50-0928.mwcnf,59.282467532467535,13,0
wuf50-0684.mwcnf,62.06543075245366,1,0
wuf50-0644.mwcnf,63.67049808429118,0,0
wuf50-0167.mwcnf,56.57781526781949,0,0
wuf50-0440.mwcnf,72.3035217794254,6,0
wuf50-0692.mwcnf,64.99408284023669,42,0
wuf50-0516.mwcnf,69.50044505983583,1,0
wuf50-0904.mwcnf,53.538784304831026,0,0
wuf50-0141.mwcnf,68.87475046210722,0,0
wuf50-0320.mwcnf,43.14964315862175,0,0
wuf50-0221.mwcnf,40.97491039426524,9,0
wuf50-0925.mwcnf,46.683179995281904,0,0
wuf50-0639.mwcnf,75.70911831198191,66,0
wuf50-072.mwcnf,81.70678309288787,8,0
wuf50-09.mwcnf,45.11910669975187,0,0
wuf50-0226.mwcnf,56.069943289224945,2,0
wuf50-0867.mwcnf,71.09927007299271,19,0
wuf50-0910.mwcnf,58.017218346445006,0,0
wuf50-0892.mwcnf,33.934296365330844,0,0
wuf50-0718.mwcnf,42.48002403124061,0,0
wuf50-0885.mwcnf,55.826371826371826,14,0
wuf50-0986.mwcnf,64.91340206185566,0,0
wuf50-0364.mwcnf,52.98938736131211,0,0
wuf50-0847.mwcnf,72.18718559703468,11,0
wuf50-0111.mwcnf,49.99044890162369,11,0
wuf50-0556.mwcnf,64.84670231729055,63,0
wuf50-0433.mwcnf,66.47822765469824,14,0
wuf50-0261.mwcnf,62.812883435582826,4,0
wuf50-0620.mwcnf,63.34386617100372,17,0
wuf50-011.mwcnf,38.24091778202677,1,0
wuf50-0668.mwcnf,54.74594179233503,2,0
wuf50-0567.mwcnf,65.04791405786595,1,0
wuf50-074.mwcnf,75.15913654618474,12,0
wuf50-0287.mwcnf,60.82849020846495,8,0
wuf50-0306.mwcnf,48.2371881528819,1,0
wuf50-0995.mwcnf,46.47830862163646,0,0
wuf50-0329.mwcnf,54.20254479356011,0,0
wuf50-0206.mwcnf,51.623603461841064,0,0
wuf50-0538.mwcnf,47.7707182320442,7,0
wuf50-0857.mwcnf,75.5990284005979,12,0
wuf50-0222.mwcnf,60.14271586154431,1,0
wuf50-0856.mwcnf,48.665024630541865,18,0
wuf50-0638.mwcnf,53.27648305084745,6,0
wuf50-0346.mwcnf,51.939496940856564,15,0
wuf50-0816.mwcnf,41.906481819287364,1,0
wuf50-0280.mwcnf,44.10991379310345,4,0
wuf50-0335.mwcnf,54.54745230620623,0,0
wuf50-0134.mwcnf,60.19193857965452,20,0
wuf50-0469.mwcnf,49.697969913830875,0,0
wuf50-0493.mwcnf,50.2561394891945,10,0
wuf50-0710.mwcnf,44.2,8,0
wuf50-0311.mwcnf,55.04221105527638,26,0
wuf50-0599.mwcnf,52.416355644024215,1,0
wuf50-0771.mwcnf,39.316975060337896,1,0
wuf50-0636.mwcnf,71.73862493012857,0,0
wuf50-0508.mwcnf,68.49928510151558,0,0
wuf50-0549.mwcnf,58.010036591740715,0,0
wuf50-0315.mwcnf,62.92686948635502,1,0
wuf50-0147.mwcnf,57.13148193659376,5,0
wuf50-0292.mwcnf,56.6723816623183,2,0
wuf50-0253.mwcnf,55.683969027817604,2,0
wuf50-0325.mwcnf,35.231683168316835,32,0
wuf50-0128.mwcnf,74.78251445086704,36,0
wuf50-0270.mwcnf,82.52242744063324,82,0
wuf50-0334.mwcnf,50.367039586919105,0,0
wuf50-053.mwcnf,65.77064220183486,42,0
wuf50-0204.mwcnf,45.09677419354839,18,0
wuf50-0492.mwcnf,55.58551144071629,0,0
wuf50-0143.mwcnf,72.75013160203544,19,0
wuf50-0954.mwcnf,62.47518199867637,6,0
wuf50-0940.mwcnf,46.102185287780856,6,0
wuf50-0833.mwcnf,38.39304851556843,0,0
wuf50-0480.mwcnf,64.22226812642016,0,0
wuf50-0960.mwcnf,51.92141453831041,12,0
wuf50-0828.mwcnf,38.89392399918715,0,0
wuf50-0393.mwcnf,71.27631578947368,41,0
wuf50-0488.mwcnf,54.90250455810383,0,0
wuf50-0698.mwcnf,42.56578506863073,0,0
wuf50-0745.mwcnf,91.0,91,9
wuf50-0832.mwcnf,39.981549815498155,24,0
wuf50-0963.mwcnf,69.5985401459854,4,0
wuf50-030.mwcnf,40.94653465346535,38,0
wuf50-0214.mwcnf,38.4049955396967,0,0
wuf50-0294.mwcnf,48.359649122807014,1,0
wuf50-0455.mwcnf,46.31238779174148,44,0
wuf50-0696.mwcnf,61.93702192758796,1,0
wuf50-0264.mwcnf,52.524273756770064,0,0
wuf50-0981.mwcnf,85.28494623655914,83,0
wuf50-0410.mwcnf,100.0,100,0
wuf50-0754.mwcnf,56.22308952491087,15,0
wuf50-0154.mwcnf,77.51879327398615,13,0
wuf50-069.mwcnf,51.4152076038019,6,0
wuf50-0439.mwcnf,47.88420222725929,0,0
wuf50-0481.mwcnf,37.276359714447125,1,0
wuf50-019.mwcnf,62.877654196157735,22,0
wuf50-0267.mwcnf,58.2369826435247,30,0
wuf50-0906.mwcnf,42.31411992263056,3,0
wuf50-0601.mwcnf,68.9099391082302,2,0
wuf50-0968.mwcnf,50.06128808864266,2,0
wuf50-0673.mwcnf,29.97008611572745,1,0
wuf50-0543.mwcnf,53.33499212075972,0,0
wuf50-0846.mwcnf,54.188956154833974,0,0
wuf50-0741.mwcnf,60.920024798512095,8,0
wuf50-0108.mwcnf,63.82255389718076,1,0
wuf50-0299.mwcnf,75.9011063445473,1,0
wuf50-013.mwcnf,53.1914739884393,0,0
wuf50-08.mwcnf,29.2,26,0
wuf50-0106.mwcnf,55.919674039580904,25,0
wuf50-0792.mwcnf,46.37142145880009,0,0
wuf50-0304.mwcnf,66.52553585604657,3,0
wuf50-0622.mwcnf,57.752580752580755,1,0
wuf50-0535.mwcnf,47.74920969441518,1,0
wuf50-0363.mwcnf,59.25605700712589,11,0
wuf50-0897.mwcnf,67.62075866362495,5,0
wuf50-0319.mwcnf,53.453227315247894,3,0
wuf50-0103.mwcnf,52.69930532583527,0,0
wuf50-0435.mwcnf,53.730654125694734,2,0
wuf50-0146.mwcnf,60.79893475366179,36,0
wuf50-0761.mwcnf,68.224609375,67,0
wuf50-0197.mwcnf,61.6,36,0
wuf50-0817.mwcnf,51.134558967338165,0,0
wuf50-0124.mwcnf,83.71891784364432,0,0
wuf50-06.mwcnf,65.89920948616601,43,0
wuf50-0407.mwcnf,54.004616805170826,0,0
wuf50-0510.mwcnf,61.24242424242424,37,1
wuf50-0690.mwcnf,35.56831683168317,5,0
wuf50-0996.mwcnf,52.14262295081967,0,0
wuf50-052.mwcnf,43.81274972756992,4,0
wuf50-0728.mwcnf,65.01277048598794,1,0
wuf50-099.mwcnf,63.332197614991486,0,0
wuf50-0526.mwcnf,83.40044356826023,12,0
wuf50-0302.mwcnf,35.62099396191361,1,0
wuf50-0583.mwcnf,63.83024691358025,29,0
wuf50-0342.mwcnf,65.09726146489893,0,0
wuf50-0717.mwcnf,60.424088210347755,38,0
wuf50-0234.mwcnf,58.451079250039385,0,0
wuf50-0416.mwcnf,70.49732238486254,0,0
wuf50-0757.mwcnf,49.8276996162982,1,0
wuf50-0665.mwcnf,59.82157676348548,10,0
wuf50-0609.mwcnf,67.89781681953237,2,0
wuf50-0907.mwcnf,53.87838589981447,0,0
wuf50-01000.mwcnf,65.70079086115993,1,0
wuf50-023.mwcnf,36.228094447518906,9,0
wuf50-0243.mwcnf,43.20636172450052,6,0
wuf50-0658.mwcnf,44.1186440677966,15,0
wuf50-0603.mwcnf,51.43225924569755,0,0
wuf50-0703.mwcnf,44.91232927279439,0,0
wuf50-0958.mwcnf,67.35819119397065,3,0
wuf50-0462.mwcnf,41.978320013603124,3,0
wuf50-0647.mwcnf,69.02984038861901,7,0
wuf50-038.mwcnf,78.54701849696029,5,0
wuf50-0394.mwcnf,46.83145046097909,3,0
wuf50-0775.mwcnf,36.909664694280075,3,0
wuf50-0409.mwcnf,70.02780832678712,2,0
wuf50-0443.mwcnf,64.13724137931034,6,0
wuf50-0249.mwcnf,69.82792607802874,1,0
wuf50-0915.mwcnf,52.87828430271727,0,0
wuf50-0419.mwcnf,68.61437908496733,32,0
wuf50-0323.mwcnf,57.6700437485609,1,0
wuf50-0619.mwcnf,51.91913133402275,4,0
wuf50-0317.mwcnf,48.551603967473866,0,0
wuf50-0507.mwcnf,61.281275551921496,0,0
wuf50-098.mwcnf,54.02596975673899,0,0
wuf50-0289.mwcnf,77.8717277486911,21,0
wuf50-0933.mwcnf,55.279627640529895,0,0
wuf50-0780.mwcnf,46.906927220343235,0,0
wuf50-0861.mwcnf,50.96952908587258,22,0
wuf50-0723.mwcnf,56.25904742096506,0,0
wuf50-0592.mwcnf,62.23598001110494,6,0
wuf50-0600.mwcnf,59.8177533385703,31,0
wuf50-0514.mwcnf,59.09067131647777,3,0
wuf50-0859.mwcnf,56.27571251548947,29,0
wuf50-0685.mwcnf,63.06128334534967,2,0
wuf50-0869.mwcnf,56.574776785714285,13,0
wuf50-0770.mwcnf,56.14625774195955,2,0
wuf50-0794.mwcnf,39.65425403711738,1,0
wuf50-0352.mwcnf,50.49011588275392,10,0
wuf50-0882.mwcnf,36.40084210526316,4,0
wuf50-0580.mwcnf,68.9923620933522,14,0
wuf50-0903.mwcnf,34.67153011597456,6,0
wuf50-0877.mwcnf,48.95415242308466,1,0
wuf50-0153.mwcnf,58.6837186424004,14,0
wuf50-0821.mwcnf,77.30828814872193,55,0
wuf50-0900.mwcnf,58.322483725588384,10,0
wuf50-0917.mwcnf,57.29522184300341,5,0
wuf50-0687.mwcnf,58.76082181160356,0,0
wuf50-0875.mwcnf,56.55128205128205,0,0
wuf50-0659.mwcnf,50.307884571688255,0,0
wuf50-0298.mwcnf,62.298875788319165,1,0
TOTAL,55.01536049452242,8360,12
